﻿<?xml version="1.0" encoding="utf-8" ?>
<ThingDefs>

  <ThingDef Name="BaseGun" Abstract="True" ParentName="BaseWeapon">
		<techLevel>Industrial</techLevel>
		<smeltable>true</smeltable>
		<thingCategories>
      <li>WeaponsRanged</li>
    </thingCategories>
    <inspectorTabs>
      <li>ITab_Art</li>
    </inspectorTabs>
    <comps>
      <li>
        <compClass>CompQuality</compClass>
      </li>
      <li Class="CompProperties_Art">
        <nameMaker>ArtName_WeaponGun</nameMaker>
        <descriptionMaker>ArtDescription_WeaponGun</descriptionMaker>
        <minQualityForArtistic>Excellent</minQualityForArtistic>
      </li>
    </comps>
  </ThingDef>

  <ThingDef Name="BaseMakeableGun" ParentName="BaseGun" Abstract="True">
    <recipeMaker>
      <workSpeedStat>SmithingSpeed</workSpeedStat>
      <workSkill>Crafting</workSkill>
      <effectWorking>Smith</effectWorking>
      <soundWorking>Recipe_Smith</soundWorking>
      <recipeUsers>
        <li>TableMachining</li>
      </recipeUsers>
      <unfinishedThingDef>UnfinishedGun</unfinishedThingDef>
    </recipeMaker>
  </ThingDef>

  <ThingDef Name="BaseHumanGun" ParentName="BaseGun" Abstract="True">
    <weaponTags>
      <li>Gun</li>
    </weaponTags>
  </ThingDef>
  
  <ThingDef Name="BaseHumanMakeableGun" ParentName="BaseMakeableGun" Abstract="True">
    <weaponTags>
      <li>Gun</li>
    </weaponTags>
  </ThingDef>

  <ThingDef Name="BaseBullet" Abstract="True">
    <category>Projectile</category>
    <tickerType>Normal</tickerType>
    <altitudeLayer>Projectile</altitudeLayer>
    <thingClass>Bullet</thingClass>
    <label>bullet</label>
    <useHitPoints>False</useHitPoints>
    <neverMultiSelect>True</neverMultiSelect>
    <graphicData>
      <shaderType>Transparent</shaderType>
    </graphicData>
  </ThingDef>

  <!--Don't touch the above stuff, and if it's not labeled just ignore it--> 
  
  <!-- ======================pistol Red================================= -->

  <ThingDef ParentName="BaseBullet"> 
    <defName>RedCharge_Bullet</defName> 
    <label>red charge pistol bullet</label> 
    <graphicData>
      <texPath>Things/Projectile/Charge_Small_Red</texPath> 
      <graphicClass>Graphic_Single</graphicClass>
    </graphicData>
    <projectile>
      <flyOverhead>false</flyOverhead>
      <damageDef>Bullet</damageDef>
      <DamageAmountBase>15</DamageAmountBase>
      <Speed>60</Speed> 
    </projectile>
  </ThingDef>
  <ThingDef ParentName="BaseHumanMakeableGun">
    <defName>RedCharge_Pistol</defName>
    <label>Red Charge Pitol</label> 
    <description>Powerful single shot pistol, great at close range combat.</description> 
    <graphicData>
      <texPath>Things/Item/Equipment/Hand_Cannon</texPath>
      <graphicClass>Graphic_Single</graphicClass>
    </graphicData>
    <soundInteract>InteractPistol</soundInteract>
	<generateCommonality>1.5</generateCommonality>
    <statBases> 
      <WorkToMake>250000</WorkToMake> 
      <Mass>2</Mass>
      <AccuracyTouch>0.90</AccuracyTouch>
      <AccuracyShort>0.60</AccuracyShort>
      <AccuracyMedium>0.30</AccuracyMedium>
      <AccuracyLong>0.20</AccuracyLong>
      <RangedWeapon_Cooldown>1.8</RangedWeapon_Cooldown>
    </statBases>
    <costList>
      <Steel>300</Steel>
      <Component>5</Component>
	  <Plasteel>50</Plasteel>
    </costList>
    <verbs>
      <li>
        <verbClass>Verb_Shoot</verbClass>
        <hasStandardCommand>true</hasStandardCommand>
        <projectileDef>RedCharge_Bullet</projectileDef>
        <warmupTime>0.8</warmupTime>
        <range>18</range>
        <soundCast>ShotChargeRifle</soundCast>
        <soundCastTail>GunTail_Light</soundCastTail>
        <muzzleFlashScale>9</muzzleFlashScale>
      </li>
    </verbs>
  </ThingDef>



<!-- ==============Sniper B=================== -->

  <ThingDef ParentName="BaseBullet">
    <defName>BlueChargeSniper_Bullet</defName>
    <label>blue charge sniper rifle bullet</label>
    <graphicData>
      <texPath>Things/Projectile/ChargeLanceShot</texPath>
      <graphicClass>Graphic_Single</graphicClass>
    </graphicData>
    <projectile>
      <damageDef>Bullet</damageDef>
      <damageAmountBase>30</damageAmountBase>
      <speed>200</speed>
    </projectile>
  </ThingDef>
  <ThingDef ParentName="BaseHumanMakeableGun">
    <defName>BlueCharge_Sniper</defName>
    <label>Blue Charge Sniper</label>
    <description>Powerful single shot sniper great at long to med range but perform badly at close range.</description>
    <graphicData>
      <texPath>Things/Item/Equipment/BlueSniperRifle</texPath>
      <graphicClass>Graphic_Single</graphicClass>
    </graphicData>
    <soundInteract>InteractRifle</soundInteract>
	<generateCommonality>1.5</generateCommonality>
    <statBases>
      <WorkToMake>55000</WorkToMake>
      <Mass>3.5</Mass>
      <AccuracyTouch>0.20</AccuracyTouch>
      <AccuracyShort>0.70</AccuracyShort>
      <AccuracyMedium>0.85</AccuracyMedium>
      <AccuracyLong>0.90</AccuracyLong>
      <RangedWeapon_Cooldown>2.00</RangedWeapon_Cooldown>
    </statBases>
    <costList>
      <Steel>100</Steel>
      <Component>10</Component>
	  <Plasteel>50</Plasteel>
    </costList>
    <verbs>
      <li>
        <verbClass>Verb_Shoot</verbClass>
        <hasStandardCommand>true</hasStandardCommand>
        <projectileDef>BlueChargeSniper_Bullet</projectileDef>
        <warmupTime>5.0</warmupTime>
        <range>55</range>
        <soundCast>ShotChargeRifle</soundCast>
        <soundCastTail>GunTail_Heavy</soundCastTail>
        <muzzleFlashScale>9</muzzleFlashScale>
      </li>
    </verbs>
    <weaponTags>
      <li>SniperRifle</li>
    </weaponTags>
  </ThingDef>
  
  <!-- ===================== LMG ========================= -->

	<ThingDef ParentName="BaseBullet">
		<defName>RedCharge_Bullet</defName>
		<label>Red Charge LMG bullet</label>
		<graphicData>
			<texPath>Things/Projectile/Charge_Small_Red</texPath>
			<graphicClass>Graphic_Single</graphicClass>
		</graphicData>
		<projectile>
			<damageDef>Bullet</damageDef>
			<damageAmountBase>10</damageAmountBase>
			<speed>100</speed>
		</projectile>
	</ThingDef>
	<ThingDef ParentName="BaseHumanMakeableGun">
		<defName>RedCharge_LMG</defName>
		<label>Red Charge LMG</label>
		<description>Powerful mini shot LMG, great for providing cover by surpressing enemys.</description>
		<graphicData>
			<texPath>Things/Item/Equipment/RedLMG</texPath>
			<graphicClass>Graphic_Single</graphicClass>
		</graphicData>
		<soundInteract>InteractRifle</soundInteract>
		<generateCommonality>1.5</generateCommonality>
		<statBases>
			<WorkToMake>34000</WorkToMake>
			<Mass>10</Mass>
			<AccuracyTouch>0.45</AccuracyTouch>
			<AccuracyShort>0.60</AccuracyShort>
			<AccuracyMedium>0.37</AccuracyMedium>
			<AccuracyLong>0.15</AccuracyLong>
			<RangedWeapon_Cooldown>3.0</RangedWeapon_Cooldown>
		</statBases>
		<costList>
			<Steel>100</Steel>
			<Component>6</Component>
			<Plasteel>50</Plasteel>
		</costList>
		<verbs>
			<li>
				<verbClass>Verb_Shoot</verbClass>
				<hasStandardCommand>true</hasStandardCommand>
				<projectileDef>RedCharge_Bullet</projectileDef>
				<warmupTime>2</warmupTime>
				<range>25.9</range>
				<ticksBetweenBurstShots>7</ticksBetweenBurstShots>
				<burstShotCount>10</burstShotCount>
				<soundCast>ShotChargeRifle</soundCast>
				<soundCastTail>GunTail_Medium</soundCastTail>
				<muzzleFlashScale>9</muzzleFlashScale>
			</li>
		</verbs>
		<weaponTags>
			<li>EliteGun</li>
		</weaponTags>
	</ThingDef>
<!--======================Shotgun Blue======================= -->

<ThingDef ParentName="BaseBullet">
    <defName>BlueChargeShotgun_Bullet</defName>
    <label>Blue Charge shotgun blast</label>
    <graphicData>
      <texPath>Things/Projectile/Bullet_Shotgun_Blue</texPath>
      <graphicClass>Graphic_Single</graphicClass>
    </graphicData>
    <projectile>
      <damageDef>Bullet</damageDef>
      <damageAmountBase>12</damageAmountBase>
      <speed>55</speed>
    </projectile>
  </ThingDef>
  <ThingDef ParentName="BaseHumanMakeableGun">
    <defName>BlueCharge_PumpShotgun</defName>
    <label>Blue ChargeShotgun</label>
    <description>A fast fire rate shotgun.</description>
    <graphicData>
      <texPath>Things/Item/Equipment/Blueshotgun</texPath>
      <graphicClass>Graphic_Single</graphicClass>
    </graphicData>
    <soundInteract>InteractShotgun</soundInteract>
	<generateCommonality>1.5</generateCommonality>
    <statBases>
      <WorkToMake>30000</WorkToMake>
      <Mass>3.4</Mass>
      <AccuracyTouch>0.68</AccuracyTouch>
      <AccuracyShort>0.65</AccuracyShort>
      <AccuracyMedium>0.60</AccuracyMedium>
      <AccuracyLong>0.50</AccuracyLong>
      <RangedWeapon_Cooldown>0.50</RangedWeapon_Cooldown>
    </statBases>
    <costList>
      <Steel>60</Steel>
      <Component>3</Component>
	  <Plasteel>50</Plasteel>
    </costList>
    <verbs>
      <li>
        <verbClass>Verb_Shoot</verbClass>
        <hasStandardCommand>true</hasStandardCommand>
        <projectileDef>BlueChargeShotgun_Bullet</projectileDef>
        <warmupTime>0.9</warmupTime>
        <range>13</range>
		<burstShotCount>2</burstShotCount>
        <soundCast>ShotChargeRifle</soundCast>
        <soundCastTail>GunTail_Heavy</soundCastTail>
        <muzzleFlashScale>9</muzzleFlashScale>
      </li>
    </verbs>
  </ThingDef>
 <!--============================Bolt Rifle Blue=====================--> 
 <ThingDef ParentName="BaseBullet">
    <defName>>BlueChargeSniper_Bullet</defName>
    <label>blue charge rifle bullet</label>
    <projectile>
      <damageDef>Bullet</damageDef>
      <damageAmountBase>17</damageAmountBase>
      <speed>70</speed>
    </projectile>
    <graphicData>
      <texPath>Things/Projectile/ChargeLanceShot</texPath>
      <graphicClass>Graphic_Single</graphicClass>
    </graphicData>
  </ThingDef>
  <ThingDef ParentName="BaseHumanMakeableGun">
    <defName>BlueCharge_Rifle</defName>
    <label>Blue Charge rifle</label>
    <description>A 2 single burst rifle.</description>
    <graphicData>
      <texPath>Things/Item/Equipment/BlueBoltActionRilfe</texPath>
      <graphicClass>Graphic_Single</graphicClass>
    </graphicData>
    <soundInteract>InteractRifle</soundInteract>
		<generateCommonality>1.5</generateCommonality>
    <statBases>
      <WorkToMake>25000</WorkToMake>
      <Mass>3.5</Mass>
      <AccuracyTouch>0.80</AccuracyTouch>
      <AccuracyShort>0.90</AccuracyShort>
      <AccuracyMedium>0.90</AccuracyMedium>
      <AccuracyLong>0.85</AccuracyLong>
      <RangedWeapon_Cooldown>1.26</RangedWeapon_Cooldown>
    </statBases>
    <costList>
      <Steel>60</Steel>
      <Component>3</Component>
	  <Plasteel>50</Plasteel>
    </costList>
    <verbs>
      <li>
        <verbClass>Verb_Shoot</verbClass>
        <hasStandardCommand>true</hasStandardCommand>
        <projectileDef>>BlueChargeSniper_Bullet</projectileDef>
        <warmupTime>1.9</warmupTime>
        <range>37</range>
		<burstShotCount>2</burstShotCount>
        <soundCast>ShotChargeRifle</soundCast>
        <soundCastTail>GunTail_Heavy</soundCastTail>
        <muzzleFlashScale>9</muzzleFlashScale>
      </li>
    </verbs>
  </ThingDef>
  
  <!--==============================pistol Blue=====================-->
  	<ThingDef ParentName="BaseBullet">
		<defName>BlueCharge_Bullet</defName>
		<label>Blue Charge pistol bullet</label>
		<graphicData>
			<texPath>Things/Projectile/Charge_Small</texPath>
			<graphicClass>Graphic_Single</graphicClass>
		</graphicData>
		<projectile>
			<damageDef>Bullet</damageDef>
			<damageAmountBase>5</damageAmountBase>
			<speed>120</speed>
		</projectile>
	</ThingDef>
	<ThingDef ParentName="BaseHumanMakeableGun">
		<defName>BlueCharge_Pistol</defName>
		<label>Blue Charge Pistol</label>
		<description>A micro-submachine gun. Super fast fire rate with low cooldown. Best for a run and gun combat. It great for close range.</description>
		<graphicData>
			<texPath>Things/Item/Equipment/BlueSmg</texPath>
			<graphicClass>Graphic_Single</graphicClass>
		</graphicData>
		<soundInteract>InteractSMG</soundInteract>
		<generateCommonality>1.5</generateCommonality>
		<statBases>
			<WorkToMake>25000</WorkToMake>
			<Mass>2.5</Mass>
			<AccuracyTouch>0.70</AccuracyTouch>
			<AccuracyShort>0.50</AccuracyShort>
			<AccuracyMedium>0.50</AccuracyMedium>
			<AccuracyLong>0.10</AccuracyLong>
			<RangedWeapon_Cooldown>0.6</RangedWeapon_Cooldown>
		</statBases>
		<costList>
			<Steel>45</Steel>
			<Component>3</Component>
			<Plasteel>50</Plasteel>
		</costList>
		<verbs>
			<li>
				<verbClass>Verb_Shoot</verbClass>
				<hasStandardCommand>true</hasStandardCommand>
				<projectileDef>BlueCharge_Bullet</projectileDef>
				<warmupTime>0.5</warmupTime>
				<range>20</range>
				<burstShotCount>9</burstShotCount>
				<ticksBetweenBurstShots>4</ticksBetweenBurstShots>
				<soundCast>ShotChargeRifle</soundCast>
				<soundCastTail>GunTail_Light</soundCastTail>
				<muzzleFlashScale>9</muzzleFlashScale>
			</li>
		</verbs>
	</ThingDef>
 <!--==============================asalt rilfe Blue=====================-->
 
  <ThingDef ParentName="BaseBullet">
    <defName>BlueCharge_Bullet</defName>
    <label>blue charge rifle bullet</label>
    <graphicData>
      <texPath>Things/Projectile/Charge_Small</texPath>
      <graphicClass>Graphic_Single</graphicClass>
    </graphicData>
    <projectile>
      <damageDef>Bullet</damageDef>
      <damageAmountBase>7</damageAmountBase>
      <speed>70</speed>
    </projectile>
  </ThingDef>

  <ThingDef ParentName="BaseHumanMakeableGun">
    <defName>Gun_AssaultRifle</defName>
    <label>Blue Charge Rifle</label>
    <description>A general-purpose military weapon for field or urban combat. It fires a three-round burst. Good range, low power, high rate of fire.</description>
    <graphicData>
      <texPath>Things/Item/Equipment/BlueAsalt</texPath>
      <graphicClass>Graphic_Single</graphicClass>
    </graphicData>
    <soundInteract>InteractRifle</soundInteract>
	<generateCommonality>1.5</generateCommonality>
    <statBases>
      <WorkToMake>45000</WorkToMake>
      <Mass>3.5</Mass>
      <AccuracyTouch>0.70</AccuracyTouch>
      <AccuracyShort>0.85</AccuracyShort>
      <AccuracyMedium>0.80</AccuracyMedium>
      <AccuracyLong>0.80</AccuracyLong>
      <RangedWeapon_Cooldown>1.00</RangedWeapon_Cooldown>
    </statBases>
    <costList>
      <Steel>60</Steel>
      <Component>7</Component>
	  <Plasteel>50</Plasteel>
    </costList>
    <verbs>
      <li>
        <verbClass>Verb_Shoot</verbClass>
        <hasStandardCommand>true</hasStandardCommand>
        <projectileDef>BlueCharge_Bullet</projectileDef>
        <warmupTime>0.7</warmupTime>
        <range>27</range>
        <burstShotCount>5</burstShotCount>
        <ticksBetweenBurstShots>7</ticksBetweenBurstShots>
        <soundCast>ShotChargeRifle</soundCast>
        <soundCastTail>GunTail_Medium</soundCastTail>
        <muzzleFlashScale>9</muzzleFlashScale>
      </li>
    </verbs>
		<weaponTags>
			<li>EliteGun</li>
		</weaponTags>
  </ThingDef>
  
  <!--==================asalt rifle red=============================-->
  
  <ThingDef ParentName="BaseBullet">
		<defName>Bullet_IncendiaryLauncher</defName>
		<label>incendiary bolt</label>
		<graphicData>
			<texPath>Things/Projectile/InfernoCannonShot</texPath>
			<graphicClass>Graphic_Single</graphicClass>
			<shaderType>TransparentPostLight</shaderType>
		</graphicData>
		<thingClass>Projectile_Explosive</thingClass>
		<projectile>
			<speed>30</speed>
			<damageDef>Flame</damageDef>
			<damageAmountBase>8</damageAmountBase>
			<explosionRadius>0.6</explosionRadius>
			<preExplosionSpawnThingDef>FilthFuel</preExplosionSpawnThingDef>
			<explosionSpawnChance>0.6</explosionSpawnChance>
		</projectile>
	</ThingDef>
	<ThingDef ParentName="BaseHumanMakeableGun">
		<defName>RedCharge_Rilfe</defName>
		<label>Red Charge Rifle</label>
		<description>A rifle that shot out flame round and cause a small explosion on impack.</description>
		<graphicData>
			<texPath>Things/Item/Equipment/Redaslat</texPath>
			<graphicClass>Graphic_Single</graphicClass>
		</graphicData>
		<soundInteract>InteractRifle</soundInteract>
		<generateCommonality>0.8</generateCommonality>
		<statBases>
			<WorkToMake>22000</WorkToMake>
			<Mass>3.4</Mass>
			<AccuracyTouch>0.85</AccuracyTouch>
			<AccuracyShort>0.60</AccuracyShort>
			<AccuracyMedium>0.30</AccuracyMedium>
			<AccuracyLong>0.10</AccuracyLong>
			<RangedWeapon_Cooldown>2.0</RangedWeapon_Cooldown>
		</statBases>
		<costList>
			<Steel>75</Steel>
			<Component>4</Component>
			<Plasteel>50</Plasteel>
		</costList>
		<verbs>
			<li>
				<verbClass>Verb_Shoot</verbClass>
				<hasStandardCommand>true</hasStandardCommand>
				<projectileDef>Bullet_IncendiaryLauncher</projectileDef>
				<ai_IsIncendiary>true</ai_IsIncendiary>
				<warmupTime>3.5</warmupTime>
				<range>28</range>
				<burstShotCount>3</burstShotCount>
				<soundCast>ShotIncendiaryLauncher</soundCast>
				<soundCastTail>GunTail_Medium</soundCastTail>
				<muzzleFlashScale>14</muzzleFlashScale>
			</li>
		</verbs>
	</ThingDef>
	
	<!--==================Sniper REd==================-->
	
	<ThingDef ParentName="BaseBullet">
    <defName>RedChargeSniper_Bullet</defName>
    <label>Red Charge sniper bullet</label>
    <graphicData>
      <texPath>Things/Projectile/ChargeLanceShot_Red</texPath>
      <graphicClass>Graphic_Single</graphicClass>
    </graphicData>
    <projectile>
      <damageDef>Bomb</damageDef>
      <damageAmountBase>40</damageAmountBase>
      <explosionRadius>1.0</explosionRadius>
      <speed>125</speed>
    </projectile>
  </ThingDef>
  <ThingDef ParentName="BaseGun">
    <defName>RedCharge_Sniper</defName>
    <label>Red Charge Sniper</label>
    <description>A Powerful sniper that cover its bullet with explosive rounds.</description>
    <graphicData>
      <texPath>Things/Item/Equipment/RedSniperRifle</texPath>
      <graphicClass>Graphic_Single</graphicClass>
    </graphicData>
	<generateCommonality>1.5</generateCommonality>
    <statBases>
      <MarketValue>1600</MarketValue>
      <Mass>8</Mass>
      <AccuracyTouch>0.5</AccuracyTouch>
      <AccuracyShort>0.80</AccuracyShort>
      <AccuracyMedium>0.86</AccuracyMedium>
      <AccuracyLong>0.90</AccuracyLong>
      <RangedWeapon_Cooldown>2.2</RangedWeapon_Cooldown>
    </statBases>
    <costList>
      <Steel>170</Steel>
      <Component>8</Component>
      <Plasteel>50</Plasteel>
    </costList>
    <verbs>
      <li>
	   <verbClass>Verb_Shoot</verbClass>
	   <hasStandardCommand>true</hasStandardCommand>
        <projectileDef>RedChargeSniper_Bullet</projectileDef>
        <warmupTime>4</warmupTime>
        <range>37</range>
        <soundCast>ShotChargeRifle</soundCast>
        <soundCastTail>GunTail_Heavy</soundCastTail>
        <muzzleFlashScale>14</muzzleFlashScale>
      </li>
    </verbs>
  </ThingDef>  
  
  <!--============================================Shotgun Red=============================-->
  
  <ThingDef ParentName="BaseBullet">
    <defName>RedChargeShotgun_Bullet</defName>
    <label>Red Charge shotgun blast</label>
    <graphicData>
      <texPath>Things/Projectile/Bullet_Shotgun_Red</texPath>
      <graphicClass>Graphic_Single</graphicClass>
    </graphicData>
    <projectile>
      <damageDef>Bullet</damageDef>
      <damageAmountBase>15</damageAmountBase>
      <speed>55</speed>
    </projectile>
  </ThingDef>
  <ThingDef ParentName="BaseHumanMakeableGun">
    <defName>RedCharge_PumpShotgun</defName>
    <label>Red Charge Shotgun</label>
    <description>Long Range shotgun that have a same speard making sure it hit its target.</description>
    <graphicData>
      <texPath>Things/Item/Equipment/RedShotgun</texPath>
      <graphicClass>Graphic_Single</graphicClass>
    </graphicData>
    <soundInteract>InteractShotgun</soundInteract>
	<generateCommonality>1.5</generateCommonality>
    <statBases>
      <WorkToMake>30000</WorkToMake>
      <Mass>3.4</Mass>
      <AccuracyTouch>0.90</AccuracyTouch>
      <AccuracyShort>0.80</AccuracyShort>
      <AccuracyMedium>0.75</AccuracyMedium>
      <AccuracyLong>0.70</AccuracyLong>
      <RangedWeapon_Cooldown>0.9</RangedWeapon_Cooldown>
    </statBases>
    <costList>
      <Steel>60</Steel>
      <Component>3</Component>
	  <Plasteel>50</Plasteel>
    </costList>
    <verbs>
      <li>
        <verbClass>Verb_Shoot</verbClass>
        <hasStandardCommand>true</hasStandardCommand>
        <projectileDef>RedChargeShotgun_Bullet</projectileDef>
        <warmupTime>1.5</warmupTime>
        <range>23</range>
        <soundCast>ShotChargeRifle</soundCast>
        <soundCastTail>GunTail_Heavy</soundCastTail>
        <muzzleFlashScale>9</muzzleFlashScale>
      </li>
    </verbs>
  </ThingDef>
  
 </ThingDefs>